Frequency,Offset,Tone,Call,Location,ST/PR,Use,Mode,Mi,Dir,Operational status
443.675,+5 MHz,D315 / D315,W4FTK,Clinton,SC,OPEN,FM AllStar EchoLink,2.79,NNE,ON-AIR
443.175,+5 MHz,146.2,KD4HLH,Laurens,SC,OPEN,FM,8.22,WNW,ON-AIR
146.865,-0.6 MHz,107.2,KD4HLH,Laurens,SC,OPEN,FM,15.27,WNW,ON-AIR
147.165,+0.6 MHz,107.2 / CSQ,W4GWD,Greenwood,SC,OPEN,FM EchoLink,18,WSW,ON-AIR
441.625,+5 MHz,91.5,WR4SC,Greenwood,SC,OPEN,FM,18.01,WSW,ON-AIR
443.8375,+5 MHz,CC1,WR4SC,Greenwood,SC,OPEN,DMR,18.01,WSW,ON-AIR
145.15,-0.6 MHz,CSQ / CSQ,K4USC,Union,SC,OPEN,FM,22.41,NE,Unknown status
442.1,+5 MHz,,K4USC,Union,SC,OPEN,FM,22.41,NE,OFF-AIR
146.685,-0.6 MHz,,K4USC,Union,SC,OPEN,FM,22.49,NE,Unknown status
145.42,-0.6 MHz,,W4GWM,"Greenwood, Self Regional",SC,OPEN,DSTAR,25.03,SW,ON-AIR
443.9,+5 MHz,107.2,W4GWD,Greenwood,SC,OPEN,FM,25.03,SW,ON-AIR
444.825,+5 MHz,162.2 / 162.2,KK4SM,"Greenwood, Tower",SC,OPEN,FM,25.03,SW,ON-AIR
442.6,+5 MHz,107.2 / 107.2,WJ4X,Donalds,SC,OPEN,FM EchoLink,25.64,WSW,OFF-AIR
146.73,-0.6 MHz,100,WA4UKX,Simpsonville,SC,OPEN,FM IRLP,28.45,NW,Unknown status
147.09,+0.6 MHz,162.2 / 162.2,WR4SC,"Spartanburg, Camp Croft",SC,OPEN,FM,28.99,N,ON-AIR
147.315,+0.6 MHz,123.0 / 123.0,K4JLA,Spartanburg,SC,OPEN,FM,28.99,N,ON-AIR
224.44,-1.6 MHz,,K4II,Spartanburg,SC,OPEN,FM,28.99,N,ON-AIR
442.075,+5 MHz,123,K4II,Spartanburg,SC,OPEN,FM,28.99,N,ON-AIR
443.775,+5 MHz,127.3 / 127.3,KJ4VLT,Honea Path,SC,OPEN,FM,29.49,W,ON-AIR
441.9,+5 MHz,100,AG4VT,Pacolet,SC,OPEN,FM,30.38,NNE,ON-AIR
444.075,+5 MHz,100.0 / 100.0,K4CDN,"Spartanburg, Spartanburg Downtown Airport",SC,OPEN,FM Fusion WIRES-X,31.42,N,ON-AIR
53.21,-1.0 MHz,88.5,KJ4MKV,Little Mountain,SC,OPEN,FM,32.42,SE,ON-AIR
147.21,+0.6 MHz,156.7 / 156.7,WR4SC,Little Mountain,SC,OPEN,FM,32.42,SE,ON-AIR
444.65,+5 MHz,CC0,N4UHF,Little Mountain,SC,PRIVATE,DMR,32.42,SE,ON-AIR
145.24,+0.6 MHz,,KJ4MKV,Little Mountain,SC,OPEN,DSTAR,32.74,SE,OFF-AIR
443.325,+5 MHz,,KJ4MKV,Little Mountain,SC,OPEN,DSTAR,32.74,SE,ON-AIR
146.91,-0.6 MHz,123.0 / 123.0,W4DEW,"Saluda, water tank",SC,OPEN,FM,32.84,S,ON-AIR
146.745,-0.6 MHz,D315 / D315,W4FTK,Little Mountain,SC,OPEN,FM AllStar EchoLink,33.08,SE,OFF-AIR
440.6625,+5 MHz,CC1,WR4SC,Spartanburg,SC,OPEN,DMR,33.36,N,ON-AIR
441.95,+5 MHz,162.2,WR4SC,Spartanburg,SC,OPEN,FM,33.36,N,ON-AIR
442.8,+5 MHz,,KI4WVC,"Spartanburg, Spartanburg Regional Medical Center",SC,OPEN,FM,34.62,N,ON-AIR
443.5375,+5 MHz,CC1,WR4SC,Little Mountain,SC,OPEN,DMR,35.03,SE,ON-AIR
442.925,+5 MHz,162.2 / 162.2,AC4RZ,Travelers Rest,SC,OPEN,FM,35.19,WNW,ON-AIR
146.94,-0.6 MHz,107.2,W4IQQ,Greenville,SC,OPEN,FM,39.67,NW,ON-AIR
224.2,-1.6 MHz,,W4ILY,Greenville,SC,OPEN,FM,39.67,NW,ON-AIR
442.25,+5 MHz,CSQ / CSQ,KB4PQA,"Greenville, Paris Mountain",SC,OPEN,FM,39.67,NW,ON-AIR
443.35,+5 MHz,,W4IQQ,"Inman, Greenville",SC,OPEN,FM,39.67,NW,ON-AIR
1250,+30 MHz,,WA4MWC,Greenville,SC,OPEN,FM,39.67,NW,ON-AIR
442.475,+5 MHz,162.2,KW4BET,"Chester, Near Chester Medical Center",SC,OPEN,FM AllStar EchoLink,42.31,E,ON-AIR
145.31,-0.6 MHz,167.9 / 167.9,W4CHR,"Chester, Near Chester County Hospital",SC,OPEN,FM EchoLink,42.32,E,ON-AIR
145.43,-0.6 MHz,162.2 / 162.2,KE4MDP,"Gaffney, Draytonville Mtn",SC,OPEN,FM,43.03,NNE,ON-AIR
147.255,+0.6 MHz,123,W4RRC,Leesville,SC,OPEN,FM,43.3,SSE,ON-AIR
53.27,-1 MHz,162.2,N5CWH,Leesville,SC,OPEN,FM,43.34,SSE,ON-AIR
146.655,-0.6 MHz,,KC4GYM,Leesville,SC,OPEN,DSTAR,43.34,SSE,ON-AIR
224.56,-1.6 MHz,162.2,N5CWH,Leesville,SC,OPEN,FM,43.34,SSE,ON-AIR
443.325,+5 MHz,162.2,N5CWH,Leesville,SC,OPEN,FM,43.34,SSE,ON-AIR
443.5,+5 MHz,,KC4GYM,Leesville,SC,OPEN,DSTAR,43.34,SSE,ON-AIR
224.5,-1.6 MHz,123,KG4JIA,Gaffney,SC,OPEN,FM,43.55,NNE,ON-AIR
444.5375,+5 MHz,CC1,N4LRD,Anderson,SC,OPEN,AllStar DMR EchoLink,44.07,W,ON-AIR
442.825,+5 MHz,127.3 / 127.3,KE4CRT,"Anderson, Anmed Hospital",SC,OPEN,FM AllStar EchoLink,44.07,W,ON-AIR
146.97,-0.6 MHz,127.3 / 127.3,N4AW,"Anderson, Anderson Memorial Hospital",SC,OPEN,FM,44.08,W,ON-AIR
145.37,-0.6 MHz,123.0 / 123.0,WR4SC,Greenville,SC,OPEN,FM,44.59,NW,OFF-AIR
441.675,+5 MHz,91.5,WR4SC,Greenville,SC,OPEN,FM,44.59,NW,ON-AIR
146.82,-0.6 MHz,,W4NYK,"Greenville, Paris Mountain",SC,OPEN,FM,44.63,NW,ON-AIR
52.57,0 MHz,67,KW4BET,"Chester, Near Lewis Fire Department",SC,OPEN,FM AllStar EchoLink,45.36,E,ON-AIR
52.57,0 MHz,67,KW4BET,"Chester, Near Lewis Fire Department",SC,OPEN,FM AllStar EchoLink,45.36,E,ON-AIR
443.625,+5 MHz,162.2,N6WOX,Gaffney,SC,OPEN,FM,45.52,N,ON-AIR
443.25,+5 MHz,123,AI4JE,Iva,SC,OPEN,FM,46.38,WSW,ON-AIR
146.85,-0.6 MHz,91.5,WR4EC,Edgefield,SC,OPEN,FM,46.65,S,ON-AIR
147,+0.6 MHz,NAC 347,N4SCG,"Lexington, South Carolina",SC,OPEN,P-25,47.2,SE,ON-AIR
444,+5 MHz,118.8 / 118.8,KI4CCZ,Calhoun Falls,SC,OPEN,FM,48.72,WSW,ON-AIR
444.575,+5 MHz,103.5 / 103.5,KI4CCZ,Calhoun Falls,SC,OPEN,FM,48.72,WSW,ON-AIR
146.88,-0.6 MHz,,W4NYR,"Blacksburg, Whitaker Mountain",SC,OPEN,FM,49.44,NNE,ON-AIR
147.39,+0.6 MHz,156.7,KA4FEC,Lexington,SC,OPEN,FM,49.65,SE,ON-AIR
442.625,+5 MHz,107.2,KF4SCG,"Blacksburg, Whitaker Mtn",SC,OPEN,FM,50.58,NNE,ON-AIR
444.725,+5 MHz,110.9,KC4KPJ,Richburg,SC,OPEN,FM,50.61,E,ON-AIR
444.325,+5 MHz,,W4NYR,"Blacksburg, Whitaker Mountain",SC,OPEN,FM,50.82,NNE,ON-AIR
147.27,+0.6 MHz,110.9,N4HRS,York,SC,OPEN,FM,51.06,NE,ON-AIR
443.975,+5 MHz,103.5,N4VDE,Liberty,SC,OPEN,FM,51.18,WNW,ON-AIR
146.76,-0.6 MHz,D315 / D315,W4FTK,Richburg,SC,OPEN,FM AllStar EchoLink,51.53,E,ON-AIR
443.725,+5 MHz,NAC 293,KC4KPJ,Clover,SC,OPEN,P-25,51.83,NE,ON-AIR
443.375,+5 MHz,110.9,W4PSC,York,SC,OPEN,FM,52.18,NE,ON-AIR
147.195,+0.6 MHz,141.3 / 141.3,WX4PG,"Pickens, Glassy Mtn",SC,OPEN,FM AllStar EchoLink,53.65,NW,ON-AIR
442.3125,+5 MHz,CC1,WX4PG,"Pickens, Glassy Mt",SC,OPEN,DMR,53.65,NW,ON-AIR
147,-0.6 MHz,151.4,WB4YXZ,"Pickens, Glassy Mountain",SC,OPEN,FM,53.65,NW,ON-AIR
443.45,+5 MHz,110.9 / 100.0,AC4RZ,"Pickens, Glassy Mountain",SC,OPEN,FM,53.65,NW,ON-AIR
444.35,+5 MHz,127.3 / 127.3,KN4SWB,"Pickens, Glassy Mtn",SC,OPEN,FM,53.65,NW,ON-AIR
444.925,+5 MHz,CSQ / CSQ,N2PNE,"Landrum, NEAR Lake Lanier at approx.= 1350 feet asl.",SC,OPEN,FM,53.65,NW,ON-AIR
224.4,-1.6 MHz,131.8,WR4XM,"Pickens, Glassy Mountain",SC,OPEN,FM,53.65,NW,ON-AIR
145.49,-0.6 MHz,71.9 / 71.9,W4DV,"Trenton, SC",SC,OPEN,FM,54.27,S,ON-AIR
444.95,+5 MHz,71.9 / 71.9,W4DV,"Trenton, SC",SC,OPEN,FM,54.27,S,ON-AIR
443.65,+5 MHz,D315 / D315,W4FTK,Blythewood,SC,OPEN,FM AllStar EchoLink,54.31,SE,ON-AIR
147.03,-0.6 MHz,88.5 / 88.5,K4YTZ,Rock Hill,SC,OPEN,FM,54.98,E,ON-AIR
440.5125,+5 MHz,CC1,WR4SC,Rock Hill,SC,OPEN,DMR,54.98,E,ON-AIR
441.525,+5 MHz,162.2,WR4SC,Rock Hill,SC,OPEN,FM,54.98,E,ON-AIR
145.33,-0.6 MHz,91.5,KF4JVI,Tryon,NC,OPEN,FM,54.99,NNW,ON-AIR
147.285,+0.6 MHz,,W4RCW,"Tryon, White Oak Mountain",NC,OPEN,FM,55.08,NNW,ON-AIR
442.55,+5 MHz,107.2,KJ4SPF,Tryon,NC,OPEN,FM,55.08,NNW,ON-AIR
442.875,+5 MHz,,KK4LVF,Tryon,NC,OPEN,DSTAR,55.08,NNW,ON-AIR
442.875,+5 MHz,123,K4SV,Tryon,NC,OPEN,FM,55.08,NNW,ON-AIR
443.7,+5 MHz,91.5,KJ4YLO,"Walhalla, Stumphouse Mtn",SC,OPEN,FM,55.09,NW,ON-AIR
53.35,-1.0 MHz,162.2,AC4RZ,Pickens,SC,OPEN,FM,55.31,WNW,ON-AIR
145.17,-0.6 MHz,162.2 / 162.2,W4TWX,"Six Mile, Six Mile Mountian",SC,OPEN,FM,55.31,WNW,ON-AIR
146.7,-0.6 MHz,107.2,WT4F,Pickens,SC,OPEN,FM,55.31,WNW,ON-AIR
442.125,+5 MHz,,WT4F,Pickens,SC,OPEN,FM,55.31,WNW,ON-AIR
927.5125,-25 MHz,100,WB4LZT,Pickens,SC,OPEN,FM,55.31,WNW,ON-AIR
444.3875,+5 MHz,NAC 293,WD4EOG,"Clemson, Kite Hill - WSBF-FM",SC,OPEN,FM P-25,55.74,WNW,ON-AIR
145.45,-0.6 MHz,,WD4EOG,"Clemson, Clemson University",SC,OPEN,Fusion,56.19,WNW,ON-AIR
444.625,+5 MHz,156.7 / 156.7,WD4EOG,"Clemson, Clemson University",SC,OPEN,FM,56.19,WNW,ON-AIR
444.225,+5 MHz,,WD4EOG,Clemson,SC,OPEN,DSTAR,56.3,WNW,ON-AIR
147.3825,+0.6 MHz,NAC 293 123.0 / 123.0,WD4EOG,"Clemson, Kite Hill - WSBF-FM",SC,OPEN,FM P-25,56.74,WNW,ON-AIR
442.2375,+5 MHz,CC1,K4BAN,"Clemson, Clemson University",SC,OPEN,DMR,56.74,WNW,ON-AIR
147.225,+0.6 MHz,110.9 / 110.9,W4FTK,Rock Hill,SC,OPEN,FM AllStar,57.62,E,ON-AIR
224.84,-1.6 MHz,123,KB4GA,Rock Hill,SC,OPEN,FM,57.62,E,ON-AIR
440.25,+5 MHz,,W3SPC,Rock Hill,SC,OPEN,Fusion,57.62,E,ON-AIR
444.925,+5 MHz,91.5 / 91.5,W4FTK,Rock Hill,SC,OPEN,FM,57.62,E,ON-AIR
442.875,+5 MHz,D315 / D315,W4FTK,Columbia,SC,OPEN,FM AllStar EchoLink,57.71,SE,ON-AIR
145.4,-0.8 MHz,,KJ4BWK,Columbia,SC,OPEN,FM,57.87,SE,ON-AIR
147.33,+0.6 MHz,156.7 / 156.7,W4CAE,Columbia,SC,OPEN,FM,57.87,SE,ON-AIR
147.36,+0.6 MHz,100.0 / 100.0,K4HI,Columbia,SC,OPEN,FM WIRES-X,57.87,SE,ON-AIR
224.9,-1.6 MHz,,N4EOY,Columbia,SC,OPEN,FM,57.87,SE,ON-AIR
440.6125,+5 MHz,CC1,WR4SC,Columbia,SC,OPEN,DMR,57.87,SE,ON-AIR
443.2,+5 MHz,,W4CAE,Columbia,SC,OPEN,DSTAR,57.87,SE,ON-AIR
444.2,+5 MHz,CC1,N5CWH,Columbia,SC,OPEN,DMR,57.87,SE,ON-AIR
444.875,+5 MHz,91.5 / 91.5,K9OH,Columbia,SC,OPEN,FM,57.87,SE,ON-AIR
927.6375,-25 MHz,D132,N5CWH,Columbia,SC,OPEN,FM,57.87,SE,ON-AIR
1284.225,-20 MHz,,W4CAE,Columbia,SC,OPEN,DSTAR,57.87,SE,ON-AIR
443.1,+5 MHz,CC1,W4EAE,Cayce,SC,OPEN,FM DMR DSTAR Fusion,57.91,SE,ON-AIR
443.8,+5 MHz,D315 / D315,W4FTK,Rock HIll,SC,OPEN,FM AllStar EchoLink,58.17,E,ON-AIR
440.925,+5 MHz,123.0 / 123.0,AJ4NR,"York, Hylands Subdivision",SC,OPEN,FM AllStar EchoLink,58.19,NE,ON-AIR
441.875,+5 MHz,110.9,W4TWX,"Six Mile, Six Mile Mountain",SC,OPEN,FM,58.48,WNW,ON-AIR
224.1,-1.6 MHz,131.8 / 131.8,WA4SSJ,"Six Mile, Six Mile Mountain",SC,OPEN,FM,58.64,WNW,ON-AIR
441.8,+5 MHz,110.9,W4TWX,Six Mile,SC,OPEN,FM,58.64,WNW,Unknown status
442.5125,+5 MHz,CC1,WR4SC,Columbia,SC,OPEN,DMR,58.75,SE,ON-AIR
146.715,-0.6 MHz,91.5 / 91.5,WR4SC,Columbia,SC,OPEN,FM,58.75,SE,ON-AIR
441.725,+5 MHz,91.5,WR4SC,Columbia,SC,OPEN,FM,58.75,SE,ON-AIR
146.67,-0.6 MHz,114.8,K4OI,Forest City,NC,OPEN,FM,59.76,N,OFF-AIR
442,+5 MHz,114.8,AI4M,Forest City,NC,OPEN,FM,59.76,N,ON-AIR
443.3,+5 MHz,123,AI4M,"Forest City, Cherry Mountain",NC,OPEN,FM,59.76,N,ON-AIR
147.345,+0.6 MHz,,W4NYR,Shelby,NC,OPEN,FM,60.04,NNE,ON-AIR
224.06,-1.6 MHz,,W4NYR,Shelby,NC,OPEN,FM,60.04,NNE,ON-AIR
224.46,-1.6 MHz,,N4DWP,Shelby,NC,OPEN,FM,60.04,NNE,ON-AIR
444.275,+5 MHz,127.3,AE6JI,Shelby,NC,OPEN,FM,60.04,NNE,OFF-AIR
145.21,-0.6 MHz,118.8 / 118.8,KI4CCZ,Elberton,GA,OPEN,FM,60.7,WSW,OFF-AIR
444.7,+5 MHz,118.8 / 118.8,KI4CCZ,Elberton,GA,OPEN,FM,60.7,WSW,ON-AIR
145.42,-0.6 MHz,,KR4GSP,Caesar's Head Mountain,SC,OPEN,DSTAR,60.82,NW,ON-AIR
443.1125,+5 MHz,CC1,WR4SC,Caesar's Head Mountain,SC,OPEN,DMR,60.82,NW,ON-AIR
443.125,+5 MHz,123,K4ECG,Caesar's Head Mountain,SC,OPEN,FM,60.82,NW,ON-AIR
145.47,-0.6 MHz,91.5 / 91.5,K9OH,"Marietta, Caesars Head Mountain",SC,OPEN,FM,61.33,NW,ON-AIR
224.14,-1.6 MHz,131.8 / 131.8,WR4XM,"Marietta, Caesars Head Mountain",SC,OPEN,FM,61.33,NW,ON-AIR
442.4,+5 MHz,127.3,WR4XM,"Marietta, Caesars Head Mountain",SC,OPEN,FM EchoLink,61.35,NW,ON-AIR
442.2,+5 MHz,,N7GZT,Columbia,SC,OPEN,FM IRLP,61.8,SE,ON-AIR
441.525,+5 MHz,91.5,WR4SC,Aiken,SC,OPEN,FM,62.37,S,ON-AIR
145.35,-0.6 MHz,156.7 / 156.7,N2ZZ,"Aiken, Aiken Regional Medical Center",SC,OPEN,FM EchoLink,62.39,S,ON-AIR
224.62,-1.6 MHz,100,KC4IRA,"Gastonia, Crowders Mountain",NC,OPEN,FM,62.7,NNE,ON-AIR
146.805,-0.6 MHz,100.0 / 100.0,K4GNC,"Gastonia, Crowders Mountain",NC,OPEN,FM,62.7,NNE,ON-AIR
443.4375,+5 MHz,,KA4YMZ,"Gastonia, Crowders Mountain",NC,OPEN,Fusion WIRES-X,62.71,NNE,ON-AIR
443.8625,+5 MHz,,KK4JDH,"Gastonia, Crowders Mountain",NC,OPEN,DSTAR,62.72,NNE,ON-AIR
145.45,-0.6 MHz,CSQ / CSQ,WD4LCF,"Gastonia, Crowders Mountain",NC,OPEN,FM,62.72,NNE,ON-AIR
443.675,+5 MHz,151.4,KD4FRP,Gastonia,NC,OPEN,FM,62.72,NNE,OFF-AIR
145.16,-0.6 MHz,,KR4AIK,"Aiken, old Aiken Hospital",SC,OPEN,DSTAR,62.79,S,ON-AIR
443.4125,+5 MHz,,KR4AIK,"Aiken, old Aiken Hospital",SC,OPEN,DSTAR,62.79,S,ON-AIR
442.025,+5 MHz,,KJ4JAL,"Hendersonville, Pinnacle Mountain",NC,OPEN,DSTAR,63.01,NW,OFF-AIR
147.27,+0.6 MHz,91.5,WA4JRJ,Seneca,SC,OPEN,FM IRLP,63.16,WNW,OFF-AIR
145.08,+1.4 MHz,,W4NYR,Kings Mountain,NC,OPEN,DSTAR,63.21,NNE,ON-AIR
444.1875,+5 MHz,,W4NYR,Kings Mountain,NC,OPEN,DSTAR,63.21,NNE,ON-AIR
147.285,+0.6 MHz,100.0 / 100.0,N4ADM,Aiken,SC,OPEN,FM,63.42,S,ON-AIR
224.66,-1.6 MHz,,WA2RUG,Aiken,SC,OPEN,FM,63.42,S,ON-AIR
443.4625,+5 MHz,CC1,N2ZZ,Aiken,SC,OPEN,DMR,63.42,S,ON-AIR
443.475,+5 MHz,110.9,KT4TF,"Indianland, Water Tank",SC,OPEN,FM,64.56,NE,ON-AIR
442.325,+5 MHz,110.9 / 110.9,KC4KPJ,Newport,SC,OPEN,FM,64.64,NE,ON-AIR
147.24,+0.6 MHz,103.5 / 103.5,KI4IVP,Elgin,SC,OPEN,FM Fusion WIRES-X,64.75,SE,ON-AIR
444.5625,+5 MHz,173.8 / 173.8,W4DCD,"Asheville, Oteen / Azalea",NC,OPEN,Fusion WIRES-X,65.06,NNW,ON-AIR
443.5875,+5 MHz,CC,KM4BRM,"Gastonia, Crowders Mt",NC,OPEN,DMR,65.13,NNE,Unknown status
443.9125,+5 MHz,CC1,KA4YMZ,"Gastonia, Crowders Mountain",NC,OPEN,DMR,65.13,NNE,ON-AIR
146.7,-0.6 MHz,123.0 / 123.0,W4PAX,Lancaster,SC,OPEN,FM,65.13,E,Unknown status
444.1,+5 MHz,192.8,W4PAX,Lancaster,SC,OPEN,FM,65.13,E,ON-AIR
224.32,-1.6 MHz,131.8 / 131.8,N4AW,"Pickens, Sassafras Mtn",SC,OPEN,FM,65.59,NW,ON-AIR
53.41,-1.0 MHz,131.8 / 131.8,N4VDE,"Pickens, Caesars Head Mountain",SC,OPEN,FM,65.66,NW,ON-AIR
146.61,-0.6 MHz,,W4NYK,"Greenville, Ceasars Head",SC,OPEN,FM EchoLink,65.66,NW,ON-AIR
927.7125,-25 MHz,100.0 / 100.0,N4VDE,"Pickens, Caesars Head Mountain",SC,OPEN,FM,65.66,NW,Unknown status
146.79,-0.6 MHz,,N4AW,"Pickens, Sassafrass Mountain",SC,OPEN,FM,65.73,NW,OFF-AIR
146.775,-0.6 MHz,156.7 / 156.7,W4CAE,Fort Jackson,SC,OPEN,FM,66.04,SE,OFF-AIR
147.24,+0.6 MHz,131.8,KG4JIA,"Sunshine, Cherry Mountain",NC,OPEN,FM,66.24,N,Unknown status
224.64,-1.6 MHz,71.9,KG4JIA,"Sunshine, Cherry Mountain",NC,OPEN,FM,66.24,N,ON-AIR
446.075,0 MHz,,KE4TLC,Lugoff,SC,OPEN,FM EchoLink,66.62,SE,Unknown status
441.9,+5 MHz,123.0 / 123.0,WE4GW,Martinez,GA,OPEN,FM,66.77,S,ON-AIR
444.975,+5 MHz,,N4DWP,Polkville,NC,OPEN,FM,66.84,NNE,ON-AIR
444.8,+5 MHz,146.2 / 146.2,KE4RAP,North Augusta,SC,OPEN,FM,67.03,S,Unknown status
146.73,-0.6 MHz,,K4NAB,North Augusta,SC,OPEN,FM,67.04,S,Unknown status
927.8,-25 MHz,,KG4HIR,North Augusta,SC,OPEN,FM,67.04,S,ON-AIR
442.05,+5 MHz,D152 / D152,K4CBA,"Gastonia, Crowder's Mtn",NC,OPEN,FM,67.23,NE,ON-AIR
442.7,+5 MHz,100.0 / CSQ,KC4IRA,"Gastonia, Crowders Mountain",NC,OPEN,FM EchoLink,67.23,NE,ON-AIR
442.775,+5 MHz,123,KG4LWG,Gastonia,NC,OPEN,FM,67.23,NE,ON-AIR
443.75,+5 MHz,,KC4ZTI,Gastonia,NC,OPEN,FM,67.23,NE,ON-AIR
927.0375,-25 MHz,94.8,KC4IRA,"Gastonia, Crowders Mountain",NC,OPEN,FM,67.23,NE,ON-AIR
442.85,+5 MHz,,AG4AZ,"Brevard, Rich Mountain",NC,OPEN,FM,67.27,NW,ON-AIR
53.13,-1.0 MHz,100,W4FOT,Hendersonville,NC,OPEN,FM,67.46,NNW,ON-AIR
147.255,+0.6 MHz,,KJ4JAL,Hendersonville,NC,OPEN,DSTAR,67.46,NNW,ON-AIR
224.24,-1.6 MHz,,WA4KNI,Hendersonville,NC,OPEN,FM,67.46,NNW,ON-AIR
441.8875,+5 MHz,CC1,W4FOT,Hendersonville,NC,OPEN,DMR,67.46,NNW,ON-AIR
442.45,+5 MHz,CC1,WA4TOG,Hendersonville,NC,OPEN,DMR,67.46,NNW,ON-AIR
927.55,-25 MHz,CC1,WA4TOG,Hendersonville,NC,OPEN,DMR,67.46,NNW,ON-AIR
146.985,-0.6 MHz,71.9 / 71.9,K4KNS,Evans,GA,OPEN,FM EchoLink,67.61,SSW,ON-AIR
145.38,-0.6 MHz,,KJ4FCS,Columbia,SC,OPEN,DSTAR,67.9,SE,ON-AIR
442.775,+5 MHz,,KJ4FCS,Columbia,SC,OPEN,DSTAR,67.9,SE,ON-AIR
444.9,+5 MHz,71.9 / 71.9,K4KNS,Evans,GA,OPEN,FM,67.92,SSW,ON-AIR
145.11,-0.6 MHz,110.9 / 110.9,KT4TF,Fort Mill,SC,OPEN,FM,68.38,E,ON-AIR
145.19,-0.6 MHz,71.9 / 71.9,K4KNS,Appling,GA,OPEN,FM,68.62,SSW,ON-AIR
442.9,+5 MHz,71.9 / 71.9,K4KNS,Appling,GA,OPEN,FM,68.62,SSW,ON-AIR
224.96,-1.6 MHz,,N4DWP,Cherryville,NC,OPEN,FM,68.83,NNE,ON-AIR
224.8,-1.6 MHz,110.9,KT4TF,Fort Mill,SC,OPEN,FM,68.88,E,ON-AIR
145.08,+1.4 MHz,,KJ4PYA,Appling,GA,OPEN,DSTAR,69.13,SSW,ON-AIR
445.65,-5 MHz,,KJ4PYA,Appling,GA,OPEN,DSTAR,69.13,SSW,ON-AIR
1249,0 MHz,,KJ4PYA,Appling,GA,OPEN,DSTAR,69.13,SSW,ON-AIR
53.03,-1 MHz,,K4KNS,"Augusta, Tobacco Road",GA,OPEN,FM,69.18,S,ON-AIR
145.29,-0.6 MHz,71.9 / 71.9,W4DV,South Augusta,GA,OPEN,FM,69.18,S,ON-AIR
145.41,-0.6 MHz,71.9 / 71.9,K4KNS,"Augusta, Doctors Hospital",GA,OPEN,FM,69.18,S,ON-AIR
146.94,-0.6 MHz,146.2 / 146.2,KE4RAP,"Augusta, Bon Air Hotel",GA,OPEN,FM,69.18,S,ON-AIR
147.18,+0.6 MHz,71.9 / 71.9,W4DV,South Augusta,GA,OPEN,FM,69.18,S,ON-AIR
145.11,-0.6 MHz,71.9 / 71.9,W4DV,North Augusta,SC,OPEN,FM,69.24,S,Unknown status
444.675,+5 MHz,71.9 / 71.9,K4KNS,"Augusta, Doctors Hospital",GA,OPEN,FM,69.24,S,ON-AIR
444.525,+5 MHz,94.8,K4WBT,"Waxhaw, JAARS Center",NC,OPEN,FM,69.87,E,ON-AIR
146.865,+0.6 MHz,94.8,K4WBT,Waxhaw,NC,OPEN,FM EchoLink Fusion,69.9,E,OFF-AIR
146.82,-0.6 MHz,91.5 / 91.5,KI4RAX,Lugoff,SC,OPEN,FM,69.91,SE,ON-AIR
441.8,+5 MHz,91.5,KI4RAX,Lugoff,SC,OPEN,FM,69.91,SE,ON-AIR
146.715,-0.6 MHz,100,W4CMB,Lavonia,GA,OPEN,FM Fusion,70.25,W,ON-AIR
442.475,+5 MHz,203.5,W4CMB,Lavonia,GA,OPEN,FM Fusion,70.25,W,ON-AIR
443.2,+5 MHz,151.4,W4CMB,"Lavonia, 911 Gerard Road Tower",GA,OPEN,FM,70.43,W,ON-AIR
442.5375,+5 MHz,CC1,KN4SWB,"Walhalla, Long Mountain",SC,OPEN,DMR,70.66,WNW,ON-AIR
444.875,+5 MHz,,W4TWX,Rosman,NC,OPEN,FM,71.11,NW,ON-AIR
927.0125,-25 MHz,CC1,KA4YMY,"Gastonia, Spencer Mountain",NC,OPEN,DMR,71.58,NE,ON-AIR
145.23,-0.6 MHz,118.8 / 118.8,W4BFB,"Ranlo, Spencer Mountain",NC,OPEN,FM EchoLink,71.58,NE,ON-AIR
443.9875,+5 MHz,,KA4YMZ,"Gastonia, Spencer Mtn",NC,OPEN,DSTAR,71.6,NE,ON-AIR
147.12,+0.6 MHz,100.0 / 100.0,N4GAS,"Ranlo, Spencer Mountain",NC,OPEN,FM EchoLink,71.6,NE,ON-AIR
224.86,-1.6 MHz,100,N4GAS,"Ranlo, Spencer Mountain",NC,OPEN,FM EchoLink,71.6,NE,ON-AIR
444.55,+5 MHz,100.0 / 100.0,N4GAS,"Ranlo, Spencer Mountain",NC,OPEN,FM,71.6,NE,ON-AIR
445.725,-5 MHz,CC1,N4GAS,"Ranlo, Spencer Mountain",NC,OPEN,DMR,71.6,NE,ON-AIR
444.2875,+5 MHz,CC1,WR4SC,Beech Island,SC,OPEN,DMR,71.99,S,ON-AIR
444.7,+5 MHz,RAN,KA4YMY,"Gastonia, Spencer Mountain",NC,OPEN,NXDN,72.25,NE,OFF-AIR
224.02,-1.6 MHz,82.5,KA4YMZ,Dallas,NC,OPEN,FM,72.6,NNE,ON-AIR
444.45,+5 MHz,82.5 / 82.5,W4CQ,Dallas,NC,OPEN,FM,72.6,NNE,Unknown status
147.345,+0.6 MHz,91.5,WR4SC,Beech Island,SC,OPEN,FM,73.56,S,ON-AIR
443.125,+5 MHz,91.5,WR4SC,Beech Island,SC,OPEN,FM,73.56,S,ON-AIR
145.27,-0.6 MHz,91.5,WA4KNI,"Hendersonville, Bearwallow Mountain",NC,OPEN,FM,73.75,NNW,ON-AIR
442.9625,+5 MHz,,NC4BS,Bearwallow Mountain,NC,OPEN,DSTAR,73.77,NNW,ON-AIR
146.64,-0.6 MHz,91.5,WB4YAO,Hendersonville,NC,OPEN,FM,73.81,NNW,ON-AIR
147.105,+0.6 MHz,91.5 / 79.7,WA4KNI,Hendersonville,NC,OPEN,FM EchoLink,73.81,NNW,ON-AIR
444.25,+5 MHz,91.5,WA4KNI,"Hendersonville, Bearwallow Mtn",NC,OPEN,FM,73.85,NNW,ON-AIR
145.35,-0.6 MHz,82.5 / 82.5,K4ITL,Dallas,NC,OPEN,FM,73.96,NNE,ON-AIR
444.175,+5 MHz,110.9,N4HRS,Charlotte,NC,OPEN,FM,75.08,NE,ON-AIR
442.2,+5 MHz,123.0 / 123.0,KJ4YLO,"Mountain Rest, Oconee State Park",SC,OPEN,FM Fusion,75.12,WNW,ON-AIR
147.03,-0.6 MHz,123.0 / 123.0,KJ4YLP,"Mountain Rest, Long Mtn",SC,OPEN,FM,75.13,WNW,ON-AIR
145.29,-0.6 MHz,162.2 / 162.2,K4WD,"Walhalla, Long Mountain",SC,OPEN,FM EchoLink,75.17,WNW,ON-AIR
147.015,+0.6 MHz,141.3 / 141.3,NC4LC,Lincolnton,NC,OPEN,FM,77.78,NNE,ON-AIR
442.35,+5 MHz,141.3 / 141.3,WA4YGD,Lincolnton,NC,OPEN,FM,77.78,NNE,ON-AIR
442.775,+5 MHz,127.3,N4LRD,"Mountain Rest, Long Mtn",SC,OPEN,FM EchoLink,77.83,WNW,ON-AIR
444.1125,+5 MHz,CC1 NAC 293 167.9,W4PFT,"Carnesville, Water Tower",GA,OPEN,FM DMR P-25,77.86,W,ON-AIR
146.895,-0.6 MHz,100,W4CMB,Carnesville,GA,OPEN,FM,77.86,W,ON-AIR
147.045,+0.6 MHz,127.3,NA4CC,"Connelly Springs, South Mountain",NC,OPEN,FM EchoLink,77.99,N,Unknown status
444.675,+5 MHz,CSQ / CSQ,W4WBT,"Charlotte, Two Wells Fargo Center",NC,OPEN,FM,78.3,NE,ON-AIR
147.06,-0.6 MHz,CSQ / CSQ,WB4ETF,Charlotte,NC,OPEN,FM,78.34,NE,ON-AIR
442.125,+5 MHz,156.7 / 156.7,W4FTK,Charlotte,NC,OPEN,FM AllStar EchoLink,78.51,NE,ON-AIR
145.29,-0.6 MHz,118.8 / 118.8,W4BFB,Charlotte,NC,OPEN,FM,78.51,NE,ON-AIR
224.4,-1.6 MHz,,W4BFB,Charlotte,NC,OPEN,FM,78.51,NE,ON-AIR
443.95,+5 MHz,,KD4OWV,Charlotte,NC,OPEN,FM,78.51,NE,ON-AIR
444.05,+5 MHz,136.5,K4CBA,Charlotte,NC,OPEN,FM,78.51,NE,ON-AIR
444.35,+5 MHz,151.4,K4KAY,Charlotte,NC,OPEN,FM,78.51,NE,ON-AIR
444.475,+5 MHz,100,KI4PJL,Charlotte,NC,OPEN,FM,78.51,NE,ON-AIR
444.6,+5 MHz,118.8,W4BFB,Charlotte,NC,OPEN,FM,78.51,NE,ON-AIR
444.95,+5 MHz,136.5 / 136.5,WA1WXL,Charlotte,NC,OPEN,FM,78.51,NE,ON-AIR
927.6125,-25 MHz,118.8,K4KAY,Charlotte,NC,OPEN,FM,78.51,NE,ON-AIR
442.575,+5 MHz,82.5,NA4CC,"Connelly Springs, South Mountain",NC,OPEN,FM EchoLink,79.56,N,ON-AIR
147.09,+0.6 MHz,156.7,KJ4QLH,Neeses,SC,OPEN,FM,79.83,SE,OFF-AIR
146.745,-0.6 MHz,94.8,KC4QPR,"Morganton, Walker Top Mountain",NC,OPEN,FM,81.58,N,ON-AIR
442.3,+5 MHz,CC1,KC4QPR,"Morganton, Walker Top",NC,OPEN,DMR,81.58,N,OFF-AIR
444.2,+5 MHz,100.0 / 100.0,K4ENR,"Vale, Maiden Rescue Squad (West)",NC,OPEN,FM Fusion,82.34,NNE,Unknown status
444.85,+5 MHz,CC1,WD4PVE,"Marion, Grant's Mountain",NC,OPEN,DMR,82.49,N,ON-AIR
146.76,-0.6 MHz,,N2GE,"Canton, Mount Pisgah",NC,OPEN,FM,82.87,NW,ON-AIR
224.26,-1.6 MHz,,N2GE,"Canton, Mount Pisgah",NC,OPEN,FM,82.87,NW,ON-AIR
145.39,-0.6 MHz,94.8 / 94.8,NC4UC,Monroe,NC,OPEN,FM Fusion,83.27,E,OFF-AIR
444.3,+5 MHz,100.0 / 100.0,W4ZO,Monroe,NC,OPEN,FM,83.27,E,ON-AIR
444.425,+5 MHz,94.8,NC4UC,Monroe,NC,OPEN,FM,83.27,E,ON-AIR
444.6,+5 MHz,CC1,KD4CED,"Cashiers, Big Sheepcliff",NC,OPEN,DMR,83.33,NW,ON-AIR
145.35,-0.6 MHz,100.0 / 100.0,KD4CED,"Cashiers, Big Sheepcliff",NC,OPEN,FM,83.33,NW,ON-AIR
145.25,-0.6 MHz,71.9,K4TRS,"Toccoa, Toccoa Falls",GA,OPEN,FM EchoLink,83.33,W,ON-AIR
147.33,+0.6 MHz,127.3,KR4CW,"Toccoa, Toccoa Falls",GA,OPEN,FM,83.33,W,ON-AIR
441.925,+5 MHz,100,KI4AEM,"Toccoa, Toccoa Falls",GA,OPEN,FM,83.33,W,ON-AIR
224.52,-1.6 MHz,91.5,W4MOE,"Asheville, Stradley Mountain",NC,OPEN,FM,83.39,NNW,ON-AIR
146.67,-0.6 MHz,156.7 / 156.7,AD4U,St Matthews,SC,OPEN,FM,83.83,SE,ON-AIR
442.4125,+5 MHz,CC1,W4ZO,Charlotte,NC,OPEN,DMR,83.9,NE,ON-AIR
146.94,-0.6 MHz,118.8 / 118.8,W4BFB,Charlotte,NC,OPEN,FM,83.92,NE,Unknown status
146.985,-0.6 MHz,118.8,WD4PVE,Marion,NC,OPEN,FM,84.29,N,ON-AIR
145.45,-0.6 MHz,123.0 / 123.0,W4ZKM,"Jackson , SRS “C” Road near Central Shops",SC,OPEN,FM,84.38,S,ON-AIR
444.65,+5 MHz,167.9 / 167.9,WD4NFT,"Highlands, Big Bearpen Mountain",NC,OPEN,FM,84.85,WNW,ON-AIR
442.15,+5 MHz,94.8,KE4MU,Asheville,NC,OPEN,FM,84.91,NNW,ON-AIR
53.37,-1.0 MHz,100,W4JMY,Pageland,SC,OPEN,FM,85.12,E,OFF-AIR
146.895,-0.6 MHz,123,W4APE,Pageland,SC,OPEN,FM EchoLink,85.12,E,OFF-AIR
145.17,-0.6 MHz,88.5 / 88.5,KT4NC,Maiden,NC,OPEN,FM,85.2,NNE,ON-AIR
442.725,+5 MHz,110.9 / 110.9,KD4ADL,Charlotte,NC,OPEN,FM,86.06,NE,ON-AIR
147.44,0 MHz,,KO4T,"Morganton, Salem Community",NC,OPEN,DSTAR,86.33,N,ON-AIR
444.025,+5 MHz,CC1 NAC,KI4WXS,"Charlotte, Hood Road",NC,OPEN,DMR DSTAR P-25 Fusion,86.38,NE,ON-AIR
145.14,-0.6 MHz,,KI4WXS,"Charlotte, Charlotte Hood Road",NC,OPEN,DSTAR,86.39,NE,ON-AIR
443.1,+5 MHz,,KI4WXS,Charlotte,NC,OPEN,Fusion WIRES-X,86.39,NE,ON-AIR
442.425,+5 MHz,D053 / D053,AC4JK,Asheville,NC,OPEN,FM Fusion,86.72,NNW,ON-AIR
442.65,+5 MHz,NAC 293 88.5 / 88.5,W0UNC,"Charlotte, Atkins Library at UNC Charlotte",NC,OPEN,FM EchoLink P-25,86.78,NE,ON-AIR
53.27,-1.0 MHz,100,WD4BQW,Asheville,NC,OPEN,FM,87.14,NNW,ON-AIR
146.835,-0.6 MHz,,WB4PLA,Asheville,NC,OPEN,FM,87.14,NNW,ON-AIR
224.6,-1.6 MHz,94.8,KI4DNY,Asheville,NC,OPEN,FM,87.14,NNW,ON-AIR
442.55,+5 MHz,CC1,WA4TOG,Asheville,NC,OPEN,DMR,87.14,NNW,ON-AIR
442.65,+5 MHz,100,K4HCU,"Asheville, Spivey Mountain",NC,OPEN,FM,87.14,NNW,ON-AIR
443.275,+5 MHz,103.5,KF4TLA,Asheville,NC,OPEN,FM,87.14,NNW,OFF-AIR
443.225,+5 MHz,110.9,W8EMX,Huntersville,NC,OPEN,FM,87.45,NE,ON-AIR
444.075,+5 MHz,100.0 / 100.0,KC4IRA,"Maiden, Anderson Mountain",NC,OPEN,FM,87.47,NNE,ON-AIR
146.88,-0.6 MHz,123.0 / 123.0,WR4SC,Orangeburg,SC,OPEN,FM,87.83,SE,ON-AIR
440.5875,+5 MHz,CC1,WR4SC,Orangeburg,SC,OPEN,DMR,87.83,SE,ON-AIR
441.75,+5 MHz,123,WR4SC,Orangeburg,SC,OPEN,FM,87.83,SE,ON-AIR
147.06,+0.6 MHz,D315 / D315,W4FTK,Wedgefield,SC,OPEN,FM AllStar EchoLink,87.85,SE,ON-AIR
145.21,-0.6 MHz,94.8,K4OLC,"Morganton, High Peak Mountain",NC,OPEN,FM,87.92,N,ON-AIR
147.15,+0.6 MHz,94.8 / CSQ,KM4VIQ,"Morganton, High Peak",NC,OPEN,FM,87.97,N,Testing
444.65,+5 MHz,D315 / D315,W4FTK,"Denver, Anderson Mountain",NC,OPEN,FM AllStar EchoLink,87.98,NNE,ON-AIR
443.95,+5 MHz,110.9 / 110.9,N4HRS,Wingate,NC,OPEN,FM,88.42,E,ON-AIR
444.3875,+5 MHz,CC1,W4ZO,Wingate,NC,OPEN,DMR,88.42,E,ON-AIR
444.8625,+5 MHz,,W4FAN,Wingate,NC,OPEN,DSTAR,88.42,E,ON-AIR
146.925,-0.6 MHz,123,W4APE,Lucknow,SC,OPEN,FM EchoLink,88.49,ESE,OFF-AIR
146.805,-0.6 MHz,156.7 / 156.7,KJ4QLH,Orangeburg,SC,OPEN,FM,88.66,SE,ON-AIR
443.8,+5.025 MHz,,KC4QZL,Morganton,NC,OPEN,FM,88.84,N,ON-AIR
444.625,+5 MHz,110.9 / 110.9,N4HRS,"Morganton, Jonas Ridge",NC,OPEN,FM,88.84,N,ON-AIR
444.825,+5 MHz,110.9,KD4ADL,Fairview,NC,OPEN,FM,88.84,E,ON-AIR
146.91,-0.6 MHz,91.5,W4MOE,"Asheville, Spivey Mountain",NC,OPEN,FM,88.9,NNW,ON-AIR
224.78,-1.6 MHz,,KO4BR,Orangeburg,SC,OPEN,FM,89.27,SE,ON-AIR
444.975,+5 MHz,,AD4U,Orangeburg,SC,OPEN,FM,89.27,SE,OFF-AIR
449.25,-5 MHz,156.7,KK4BQ,Barnwell,SC,OPEN,FM,89.62,SSE,Unknown status
147.375,+0.6 MHz,91.5,KK4BQ,Barnwell,SC,OPEN,FM,89.62,SSE,ON-AIR
442.375,+5 MHz,CC2 NAC 386 RAN D115 / D115,KZ4FOX,Athens,GA,OPEN,FM DMR DSTAR NXDN P-25 Fusion,90.31,WSW,ON-AIR
440.6625,+5 MHz,CC0,KZ4FOX,Athens,GA,OPEN,DMR,90.33,WSW,ON-AIR
147.075,+0.6 MHz,88.5,KT4NC,Newton,NC,OPEN,FM,90.82,NNE,ON-AIR
442.625,+5 MHz,,KE4KIV,Newton,NC,OPEN,FM,90.82,NNE,ON-AIR
146.64,-0.6 MHz,71.9 / 71.9,K4BRK,"Waynesboro, Greens Cut",GA,OPEN,FM Fusion,90.86,S,ON-AIR
444.1,+5 MHz,,K4BRK,"Waynesboro, Greens Cut",GA,OPEN,DSTAR,90.86,S,ON-AIR
145.43,-0.6 MHz,156.7 / 156.7,WB4BZA,Wedgefield,SC,OPEN,FM,91.1,SE,ON-AIR
444.5,+5 MHz,,KK4BSA,"Clayton, Rainey Mountain",GA,OPEN,FM,91.23,WNW,ON-AIR
444.85,+5 MHz,100,KI4GMA,Canton,NC,OPEN,FM,91.5,NW,ON-AIR
147.12,+0.6 MHz,,K4KNS,Wrens,GA,OPEN,FM,92.09,SSW,ON-AIR
145.19,-0.6 MHz,,N2GE,"Asheville, Mount Mitchell",NC,OPEN,FM EchoLink,92.21,NNW,ON-AIR
224.54,-1.6 MHz,,N2GE,"Asheville, Mount Mitchell",NC,OPEN,FM,92.22,NNW,ON-AIR
147.12,+0.6 MHz,67,N4TS,"Clayton, Black Rock State Park",GA,OPEN,FM,92.39,WNW,ON-AIR
443.15,+5 MHz,127.3,W4WCR,"Clayton, Black Rock State Park",GA,OPEN,Fusion,92.39,WNW,ON-AIR
146.85,-0.6 MHz,,WA4PXV,Hickory,NC,OPEN,FM,92.4,NNE,ON-AIR
444,+5 MHz,,K4JEQ,Hickory,NC,OPEN,FM,92.4,NNE,ON-AIR
444.375,+5 MHz,107.2,KC4FM,Hickory,NC,OPEN,FM,92.4,NNE,ON-AIR
444.8,+5 MHz,94.8,KF4LUC,Hickory,NC,OPEN,FM,92.4,NNE,ON-AIR
441.875,+5 MHz,100.0 / 100.0,KN4OSY,Hickory,NC,OPEN,FM Fusion WIRES-X,92.42,NNE,ON-AIR
147.03,+0.6 MHz,156.7,KK4BQ,Barnwell,SC,OPEN,FM,92.69,SSE,ON-AIR
440.6875,+5 MHz,CC1,WR4SC,Barnwell,SC,OPEN,DMR,92.69,SSE,ON-AIR
442,+5 MHz,91.5,WR4SC,Barnwell,SC,OPEN,FM,92.69,SSE,ON-AIR
146.745,-0.6 MHz,123,KD4QHB,Athens,GA,OPEN,FM,93.18,WSW,ON-AIR
146.955,-0.6 MHz,123.0 / CSQ,KD4AOZ,Athens,GA,OPEN,FM,93.18,WSW,ON-AIR
147.375,+0.6 MHz,127.3 / 127.3,K4TQU,Athens,GA,OPEN,FM,93.18,WSW,ON-AIR
442.95,+5 MHz,179.9,N4ZRA,Athens,GA,OPEN,FM,93.18,WSW,ON-AIR
145.23,-0.6 MHz,71.9 / 71.9,K4BRK,"Waynesboro, Greens Cut",GA,OPEN,FM Fusion,93.23,S,ON-AIR
442.8,+5 MHz,71.9 / 71.9,K4BRK,"Waynesboro, Greens Cut",GA,OPEN,FM Fusion,93.23,S,ON-AIR
147.09,+0.6 MHz,186.2 / 100.0,K4EGA,Greensboro,GA,OPEN,FM,93.51,SW,ON-AIR
444.05,+5 MHz,D047,KJ4VKD,Clyde,NC,OPEN,FM,94.06,NW,ON-AIR
145.33,-0.6 MHz,156.7,WB4TGK,Bamberg,SC,OPEN,FM,94.23,SSE,OFF-AIR
444.975,+5 MHz,100,K4WCU,"Cullowhee, Western Carolina University",NC,OPEN,FM EchoLink IRLP,94.25,NW,ON-AIR
145.39,-0.6 MHz,123,W4LSG,"Clarkesville, Ivy Mountain",GA,OPEN,FM,94.45,W,ON-AIR
927.6625,-25 MHz,CC1,N4DTR,Waynesville,NC,OPEN,DMR,94.56,NW,ON-AIR
146.64,-0.6 MHz,156.7,W4GL,Sumter,SC,OPEN,FM,95.47,SE,OFF-AIR
224.12,-1.6 MHz,,W4GL,Sumter,SC,OPEN,FM,95.47,SE,ON-AIR
224.66,-1.6 MHz,,W4VFR,Sumter,SC,OPEN,FM,95.47,SE,ON-AIR
441.8375,+5 MHz,CC1,WR4SC,Sumter,SC,OPEN,DMR,95.47,SE,ON-AIR
444.15,+5 MHz,123.0 / 123.0,W4GL,Sumter,SC,OPEN,FM,95.47,SE,Unknown status
53.19,-1.0 MHz,100,KG4LGY,Alexander,NC,OPEN,FM,95.48,NNW,ON-AIR
147.18,+0.6 MHz,,WD4NHW,Baldwin,GA,OPEN,FM,95.56,W,ON-AIR
147.39,+0.6 MHz,CC1 94.8 / CSQ,N4DTR,"Waynesville, Chambers Mountain",NC,OPEN,FM DMR,95.82,NW,ON-AIR
444.45,+5 MHz,CC1,N4DTR,"Waynesville, Chambers Mtn",NC,OPEN,DMR,95.82,NW,ON-AIR
145.33,-0.6 MHz,123.0 / 123.0,KD4QHB,Athens,GA,OPEN,FM,96.87,WSW,ON-AIR
147.045,+0.6 MHz,123.0 / CSQ,KD4AOZ,Watkinsville,GA,OPEN,FM,97.2,WSW,ON-AIR
224.42,-1.6 MHz,123,KD4AOZ,Watkinsville,GA,OPEN,FM,97.2,WSW,ON-AIR
444.725,+5 MHz,123,KD4AOZ,Watkinsville,GA,OPEN,FM,97.2,WSW,ON-AIR
443.825,+5 MHz,110.9 / 110.9,WG8E,Mooresville,NC,OPEN,FM,97.27,NE,ON-AIR
144.98,+2.5 MHz,,KJ4PXY,Athens,GA,OPEN,DSTAR,97.64,WSW,Unknown status
440.6375,+5 MHz,,KJ4PXY,Athens,GA,OPEN,DSTAR,97.64,WSW,ON-AIR
146.655,-0.6 MHz,CSQ / CSQ,K4CEB,Concord,NC,OPEN,FM,97.96,NE,ON-AIR
147.21,+0.6 MHz,110.9 / 110.9,KD4ADL,Concord,NC,OPEN,FM,97.96,NE,Unknown status
442.525,+5 MHz,94.8,N2QJI,Concord,NC,OPEN,FM,97.96,NE,ON-AIR
444.25,+5 MHz,,W4ZO,Concord,NC,OPEN,FM,97.96,NE,ON-AIR
444.775,+5 MHz,110.9 / 110.9,KD4ADL,Concord,NC,OPEN,FM,97.96,NE,Unknown status
443.35,+5 MHz,136.5,K4WC,"Concord, Cabarrus Sheriff's Office",NC,OPEN,FM Fusion,98.02,NE,ON-AIR
443.3875,+5 MHz,CC1,KC4TVO,"Spruce Pine, Woody's Knob",NC,OPEN,DMR,98.33,N,ON-AIR
444.875,+5 MHz,131.8 / 131.8,K4RCC,"Waynesville, Sylva",NC,OPEN,FM IRLP,98.36,NW,Unknown status
145.49,-0.6 MHz,167.9,KF4RC,"Franklin, Cowee Bald",NC,OPEN,FM,98.66,WNW,ON-AIR
147.24,+0.6 MHz,151.4,W4GHZ,"Franklin, Wine Springs Bald",NC,OPEN,FM,98.66,WNW,ON-AIR
444.2,+5 MHz,CC1,W3WDD,Franklin,NC,OPEN,DMR,98.66,WNW,Unknown status
444.375,+5 MHz,CC1,N4DTR,"Franklin, Cowee Bald",NC,OPEN,DMR,98.66,WNW,ON-AIR
443.3,+5 MHz,D315 / D315,W4FTK,Sumter,SC,OPEN,FM AllStar EchoLink,98.83,SE,ON-AIR
147.345,+0.6 MHz,151.4 / 151.4,KF4DTL,"Sylva, Kings Mountain",NC,OPEN,FM,98.84,NW,ON-AIR
444.7,+5 MHz,131.8,K4RCC,Sylva,NC,OPEN,FM,98.84,NW,Unknown status
442.975,+5 MHz,CC1,W3WDD,"Sylva, Jackson County Library",NC,OPEN,DMR,98.92,NW,Unknown status
147.3,+0.6 MHz,136.5,N4JEX,Kannapolis,NC,OPEN,FM,99.91,NE,Unknown status
